word,count
data,159149
people,84523
like,79492
would,68418
personal,62071
one,58257
also,53667
get,50351
even,47004
think,46493
use,45106
com,44726
know,41067
privacy,40312
time,39841
want,35507
make,35167
much,33200
could,32930
way,31953
see,31466
really,30461
good,29635
need,29424
personally,29364
work,29068
1,28238
information,26698
well,26377
things,26301
still,26241
many,25326
2,24773
us,24444
something,24113
say,23981
go,22735
going,22701
lot,22538
may,21898
new,21704
point,21497
right,21310
said,21264
using,21062
take,21053
first,20536
google,19606
actually,19577
better,19416
used,19177
3,18782
every,18311
years,18129
without,18073
sure,18050
thing,17912
someone,17882
etc,17696
different,17601
based,17526
back,17408
find,17234
never,17095
might,17036
since,16908
look,15971
experience,15688
anything,15568
person,15364
long,15177
world,15035
though,14957
de,14732
made,14730
system,14710
r,14587
company,14528
5,14112
give,13840
less,13787
around,13783
enough,13595
already,13576
two,13571
case,13543
probably,13522
another,13504
best,13453
year,13432
life,13221
reddit,13159
e,13140
access,13095
covid,13060
feel,12959
always,12856
government,12837
able,12742
‚Äù,12648
getting,12634
app,12610
believe,12595
10,12537
day,12488
account,12476
part,12430
keep,12392
money,12384
example,12374
help,12306
got,12200
game,12105
phone,12080
fact,12048
end,12039
care,12015
read,11955
4,11922
org,11806
problem,11744
real,11699
public,11699
least,11625
maybe,11619
support,11599
free,11597
likely,11587
companies,11570
far,11534
mean,11483
bad,11465
pretty,11453
user,11438
understand,11341
users,11297
reason,11203
security,11194
try,11178
number,11177
apple,11151
either,11021
big,11007
let,11006
everyone,10998
research,10982
everything,10933
social,10862
however,10847
post,10800
change,10799
evidence,10794
nothing,10713
making,10708
vaccine,10664
facebook,10605
health,10587
means,10564
comments,10563
trying,10542
others,10530
saying,10514
last,10450
makes,10429
women,10387
high,10309
put,10228
done,10207
hard,10181
yes,10131
job,10083
non,10035
great,9944
;#,9942
come,9909
anyone,9832
state,9797
stuff,9789
issue,9780
risk,9776
level,9774
business,9751
possible,9582
wrong,9536
issues,9426
start,9287
little,9173
/),9164
seems,9147
science,9133
found,9065
idea,9021
else,9014
true,8929
source,8927
bit,8886
kind,8809
place,8809
important,8773
database,8749
